{
    "root_group": {
        "checks": {
            "status is 200": {
                "name": "status is 200",
                "path": "::status is 200",
                "id": "6210a8cd14cd70477eba5c5e4cb3fb5f",
                "passes": 300,
                "fails": 0
            },
            "has todos array": {
                "path": "::has todos array",
                "id": "c35e88bfba41a9fbf0951aa2e8fcf04b",
                "passes": 300,
                "fails": 0,
                "name": "has todos array"
            }
        },
        "name": "",
        "path": "",
        "id": "d41d8cd98f00b204e9800998ecf8427e",
        "groups": {}
    },
    "metrics": {
        "iterations": {
            "rate": 9.919057514960667,
            "count": 300
        },
        "http_reqs": {
            "count": 300,
            "rate": 9.919057514960667
        },
        "http_req_receiving": {
            "med": 0.0695,
            "max": 0.639,
            "p(90)": 0.13810000000000003,
            "p(95)": 0.19929999999999992,
            "avg": 0.08613666666666663,
            "min": 0.01
        },
        "data_received": {
            "count": 1266900,
            "rate": 41888.179885678896
        },
        "iteration_duration": {
            "med": 1006.2860205,
            "max": 1050.720167,
            "p(90)": 1010.2314295000001,
            "p(95)": 1012.66486395,
            "avg": 1007.8191910833326,
            "min": 1001.325167
        },
        "data_sent": {
            "count": 24600,
            "rate": 813.3627162267746
        },
        "vus_max": {
            "min": 10,
            "max": 10,
            "value": 10
        },
        "http_req_sending": {
            "avg": 0.023246666666666634,
            "min": 0.004,
            "med": 0.019,
            "max": 0.136,
            "p(90)": 0.041200000000000014,
            "p(95)": 0.052
        },
        "checks": {
            "passes": 600,
            "fails": 0,
            "value": 1
        },
        "http_req_blocked": {
            "max": 0.495,
            "p(90)": 0.012100000000000007,
            "p(95)": 0.021,
            "avg": 0.020646666666666622,
            "min": 0.002,
            "med": 0.006
        },
        "vus": {
            "value": 10,
            "min": 10,
            "max": 10
        },
        "http_req_failed": {
            "passes": 0,
            "fails": 300,
            "thresholds": {
                "rate<0.01": false
            },
            "value": 0
        },
        "http_req_tls_handshaking": {
            "avg": 0,
            "min": 0,
            "med": 0,
            "max": 0,
            "p(90)": 0,
            "p(95)": 0
        },
        "http_req_duration": {
            "max": 50.088,
            "p(90)": 9.8697,
            "p(95)": 12.19075,
            "avg": 7.191909999999999,
            "min": 1.063,
            "med": 5.561,
            "thresholds": {
                "p(95)<500": false
            }
        },
        "http_req_waiting": {
            "med": 5.433,
            "max": 50.068,
            "p(90)": 9.815,
            "p(95)": 12.080599999999999,
            "avg": 7.0825266666666735,
            "min": 1.012
        },
        "http_req_duration{expected_response:true}": {
            "avg": 7.191909999999999,
            "min": 1.063,
            "med": 5.561,
            "max": 50.088,
            "p(90)": 9.8697,
            "p(95)": 12.19075
        },
        "http_req_connecting": {
            "p(90)": 0,
            "p(95)": 0,
            "avg": 0.0074466666666666665,
            "min": 0,
            "med": 0,
            "max": 0.244
        }
    }
}